filename,pred
PIZAN_003522.jpg,1
PIZAN_003523.jpg,0
PIZAN_003524.jpg,1
PIZAN_003525.jpg,0
PIZAN_003526.jpg,1
PIZAN_003527.jpg,0
PIZAN_003528.jpg,0
PIZAN_003529.jpg,1
PIZAN_003530.jpg,1
PIZAN_003531.jpg,1
PIZAN_003532.jpg,1
PIZAN_003533.jpg,0
PIZAN_003534.jpg,1
PIZAN_003535.jpg,1
PIZAN_003536.jpg,1
PIZAN_003537.jpg,0
PIZAN_003538.jpg,1
PIZAN_003539.jpg,1
PIZAN_003540.jpg,1
PIZAN_003541.jpg,1
PIZAN_003542.jpg,0
PIZAN_003543.jpg,0
PIZAN_003544.jpg,1
PIZAN_003545.jpg,0
PIZAN_003546.jpg,0
PIZAN_003547.jpg,1
PIZAN_003548.jpg,1
PIZAN_003549.jpg,1
PIZAN_003550.jpg,1
PIZAN_003551.jpg,1
PIZAN_003552.jpg,1
PIZAN_003553.jpg,0
PIZAN_003554.jpg,1
PIZAN_003555.jpg,1
PIZAN_003556.jpg,1
PIZAN_003557.jpg,0
PIZAN_003558.jpg,0
PIZAN_003559.jpg,1
PIZAN_003560.jpg,1
PIZAN_003561.jpg,1
PIZAN_003562.jpg,1
PIZAN_003563.jpg,0
PIZAN_003564.jpg,1
PIZAN_003565.jpg,0
PIZAN_003566.jpg,1
PIZAN_003567.jpg,0
PIZAN_003568.jpg,1
PIZAN_003569.jpg,1
PIZAN_003570.jpg,1
PIZAN_003571.jpg,0
PIZAN_003572.jpg,1
PIZAN_003573.jpg,1
PIZAN_003574.jpg,1
PIZAN_003575.jpg,0
PIZAN_003576.jpg,1
PIZAN_003577.jpg,0
PIZAN_003578.jpg,1
PIZAN_003579.jpg,1
PIZAN_003580.jpg,0
PIZAN_003581.jpg,1
PIZAN_003582.jpg,0
PIZAN_003583.jpg,0
PIZAN_003584.jpg,1
PIZAN_003585.jpg,1
PIZAN_003586.jpg,0
PIZAN_003587.jpg,0
PIZAN_003588.jpg,1
PIZAN_003589.jpg,1
PIZAN_003590.jpg,1
PIZAN_003591.jpg,1
PIZAN_003592.jpg,1
PIZAN_003593.jpg,0
PIZAN_003594.jpg,0
PIZAN_003595.jpg,0
PIZAN_003596.jpg,0
PIZAN_003597.jpg,0
PIZAN_003598.jpg,0
PIZAN_003599.jpg,1
PIZAN_003600.jpg,1
PIZAN_003601.jpg,1
PIZAN_003602.jpg,1
PIZAN_003603.jpg,1
PIZAN_003604.jpg,0
PIZAN_003605.jpg,1
PIZAN_003606.jpg,0
PIZAN_003607.jpg,1
PIZAN_003608.jpg,1
PIZAN_003609.jpg,1
PIZAN_003610.jpg,1
PIZAN_003611.jpg,1
PIZAN_003612.jpg,1
PIZAN_003613.jpg,1
PIZAN_003614.jpg,1
PIZAN_003615.jpg,1
PIZAN_003616.jpg,1
PIZAN_003617.jpg,0
PIZAN_003618.jpg,0
PIZAN_003619.jpg,0
PIZAN_003620.jpg,1
PIZAN_003621.jpg,1
PIZAN_003622.jpg,1
PIZAN_003623.jpg,1
PIZAN_003624.jpg,1
PIZAN_003625.jpg,0
PIZAN_003626.jpg,1
PIZAN_003627.jpg,0
PIZAN_003628.jpg,1
PIZAN_003629.jpg,1
PIZAN_003630.jpg,0
PIZAN_003631.jpg,0
PIZAN_003632.jpg,1
PIZAN_003633.jpg,0
PIZAN_003634.jpg,1
PIZAN_003635.jpg,1
PIZAN_003636.jpg,1
PIZAN_003637.jpg,0
PIZAN_003638.jpg,1
PIZAN_003639.jpg,0
PIZAN_003640.jpg,0
PIZAN_003641.jpg,1
PIZAN_003642.jpg,1
PIZAN_003643.jpg,0
PIZAN_003644.jpg,1
PIZAN_003645.jpg,1
PIZAN_003646.jpg,1
PIZAN_003647.jpg,1
PIZAN_003648.jpg,1
PIZAN_003649.jpg,0
PIZAN_003650.jpg,1
PIZAN_003651.jpg,1
PIZAN_003652.jpg,0
PIZAN_003653.jpg,1
PIZAN_003654.jpg,0
PIZAN_003655.jpg,1
PIZAN_003656.jpg,1
PIZAN_003657.jpg,1
PIZAN_003658.jpg,1
PIZAN_003659.jpg,1
PIZAN_003660.jpg,1
PIZAN_003661.jpg,0
PIZAN_003662.jpg,1
PIZAN_003663.jpg,0
PIZAN_003664.jpg,0
PIZAN_003665.jpg,0
PIZAN_003666.jpg,0
PIZAN_003667.jpg,1
PIZAN_003668.jpg,1
PIZAN_003669.jpg,0
PIZAN_003670.jpg,1
PIZAN_003671.jpg,0
PIZAN_003672.jpg,0
PIZAN_003673.jpg,1
PIZAN_003674.jpg,1
PIZAN_003675.jpg,1
PIZAN_003676.jpg,0
PIZAN_003677.jpg,0
PIZAN_003678.jpg,0
PIZAN_003679.jpg,0
PIZAN_003680.jpg,1
PIZAN_003681.jpg,1
PIZAN_003682.jpg,1
PIZAN_003683.jpg,0
PIZAN_003684.jpg,1
PIZAN_003685.jpg,1
PIZAN_003686.jpg,0
PIZAN_003687.jpg,0
PIZAN_003688.jpg,1
PIZAN_003689.jpg,1
PIZAN_003690.jpg,1
PIZAN_003691.jpg,1
PIZAN_003692.jpg,1
PIZAN_003693.jpg,1
PIZAN_003694.jpg,0
PIZAN_003695.jpg,1
PIZAN_003696.jpg,0
PIZAN_003697.jpg,0
PIZAN_003698.jpg,0
PIZAN_003699.jpg,1
PIZAN_003700.jpg,1
PIZAN_003701.jpg,0
PIZAN_003702.jpg,0
PIZAN_003703.jpg,1
PIZAN_003704.jpg,1
PIZAN_003705.jpg,0
PIZAN_003706.jpg,0
PIZAN_003707.jpg,1
PIZAN_003708.jpg,0
PIZAN_003709.jpg,0
PIZAN_003710.jpg,1
PIZAN_003711.jpg,1
PIZAN_003712.jpg,1
PIZAN_003713.jpg,1
PIZAN_003714.jpg,1
PIZAN_003715.jpg,1
PIZAN_003716.jpg,1
PIZAN_003717.jpg,1
PIZAN_003718.jpg,1
PIZAN_003719.jpg,1
PIZAN_003720.jpg,0
PIZAN_003721.jpg,1
PIZAN_003722.jpg,1
PIZAN_003723.jpg,1
PIZAN_003724.jpg,1
PIZAN_003725.jpg,1
PIZAN_003726.jpg,0
PIZAN_003727.jpg,0
PIZAN_003728.jpg,1
PIZAN_003729.jpg,1
PIZAN_003730.jpg,1
PIZAN_003731.jpg,0
PIZAN_003732.jpg,1
PIZAN_003733.jpg,0
PIZAN_003734.jpg,1
PIZAN_003735.jpg,0
PIZAN_003736.jpg,1
PIZAN_003737.jpg,0
PIZAN_003738.jpg,1
PIZAN_003739.jpg,1
PIZAN_003740.jpg,1
PIZAN_003741.jpg,1
PIZAN_003742.jpg,1
PIZAN_003743.jpg,0
PIZAN_003744.jpg,1
PIZAN_003745.jpg,1
PIZAN_003746.jpg,1
PIZAN_003747.jpg,1
PIZAN_003748.jpg,0
PIZAN_003749.jpg,1
PIZAN_003750.jpg,1
PIZAN_003751.jpg,1
PIZAN_003752.jpg,1
PIZAN_003753.jpg,1
PIZAN_003754.jpg,1
PIZAN_003755.jpg,0
PIZAN_003756.jpg,1
PIZAN_003757.jpg,1
PIZAN_003758.jpg,1
PIZAN_003759.jpg,1
PIZAN_003760.jpg,1
PIZAN_003761.jpg,0
PIZAN_003762.jpg,0
PIZAN_003763.jpg,0
PIZAN_003764.jpg,0
PIZAN_003765.jpg,1
PIZAN_003766.jpg,1
PIZAN_003767.jpg,0
PIZAN_003768.jpg,1
PIZAN_003769.jpg,0
PIZAN_003770.jpg,0
PIZAN_003771.jpg,0
PIZAN_003772.jpg,1
PIZAN_003773.jpg,1
PIZAN_003774.jpg,1
PIZAN_003775.jpg,0
PIZAN_003776.jpg,1
PIZAN_003777.jpg,0
PIZAN_003778.jpg,1
PIZAN_003779.jpg,0
PIZAN_003780.jpg,0
PIZAN_003781.jpg,1
PIZAN_003782.jpg,1
PIZAN_003783.jpg,1
PIZAN_003784.jpg,0
PIZAN_003785.jpg,1
PIZAN_003786.jpg,1
PIZAN_003787.jpg,1
PIZAN_003788.jpg,1
PIZAN_003789.jpg,1
PIZAN_003790.jpg,1
PIZAN_003791.jpg,1
PIZAN_003792.jpg,1
PIZAN_003793.jpg,1
PIZAN_003794.jpg,1
PIZAN_003795.jpg,1
PIZAN_003796.jpg,1
PIZAN_003797.jpg,1
PIZAN_003798.jpg,1
PIZAN_003799.jpg,1
PIZAN_003800.jpg,1
PIZAN_003801.jpg,1
PIZAN_003802.jpg,0
PIZAN_003803.jpg,0
PIZAN_003804.jpg,1
PIZAN_003805.jpg,0
PIZAN_003806.jpg,1
PIZAN_003807.jpg,0
PIZAN_003808.jpg,1
PIZAN_003809.jpg,1
PIZAN_003810.jpg,1
PIZAN_003811.jpg,0
PIZAN_003812.jpg,1
PIZAN_003813.jpg,1
PIZAN_003814.jpg,0
PIZAN_003815.jpg,1
PIZAN_003816.jpg,1
PIZAN_003817.jpg,1
PIZAN_003818.jpg,1
PIZAN_003819.jpg,1
PIZAN_003820.jpg,1
PIZAN_003821.jpg,0
PIZAN_003822.jpg,1
PIZAN_003823.jpg,0
PIZAN_003824.jpg,0
PIZAN_003825.jpg,0
PIZAN_003826.jpg,1
PIZAN_003827.jpg,1
PIZAN_003828.jpg,1
PIZAN_003829.jpg,1
PIZAN_003830.jpg,0
PIZAN_003831.jpg,1
PIZAN_003832.jpg,0
PIZAN_003833.jpg,1
PIZAN_003834.jpg,1
PIZAN_003835.jpg,0
PIZAN_003836.jpg,0
PIZAN_003837.jpg,0
PIZAN_003838.jpg,0
PIZAN_003839.jpg,1
PIZAN_003840.jpg,0
PIZAN_003841.jpg,1
PIZAN_003842.jpg,0
PIZAN_003843.jpg,1
PIZAN_003844.jpg,1
PIZAN_003845.jpg,1
PIZAN_003846.jpg,1
PIZAN_003847.jpg,0
PIZAN_003848.jpg,1
PIZAN_003849.jpg,1
PIZAN_003850.jpg,1
PIZAN_003851.jpg,1
PIZAN_003852.jpg,0
PIZAN_003853.jpg,0
PIZAN_003854.jpg,1
PIZAN_003855.jpg,1
PIZAN_003856.jpg,1
PIZAN_003857.jpg,1
PIZAN_003858.jpg,1
PIZAN_003859.jpg,1
PIZAN_003860.jpg,1
PIZAN_003861.jpg,1
PIZAN_003862.jpg,0
PIZAN_003863.jpg,1
PIZAN_003864.jpg,1
PIZAN_003865.jpg,0
PIZAN_003866.jpg,1
PIZAN_003867.jpg,0
PIZAN_003868.jpg,0
PIZAN_003869.jpg,1
PIZAN_003870.jpg,1
PIZAN_003871.jpg,1
PIZAN_003872.jpg,1
PIZAN_003873.jpg,1
PIZAN_003874.jpg,1
PIZAN_003875.jpg,1
PIZAN_003876.jpg,0
PIZAN_003877.jpg,1
PIZAN_003878.jpg,0
PIZAN_003879.jpg,0
PIZAN_003880.jpg,1
PIZAN_003881.jpg,1
PIZAN_003882.jpg,1
PIZAN_003883.jpg,1
PIZAN_003884.jpg,1
PIZAN_003885.jpg,0
PIZAN_003886.jpg,0
PIZAN_003887.jpg,1
PIZAN_003888.jpg,0
PIZAN_003889.jpg,0
PIZAN_003890.jpg,1
PIZAN_003891.jpg,1
PIZAN_003892.jpg,1
PIZAN_003893.jpg,1
PIZAN_003894.jpg,0
PIZAN_003895.jpg,1
PIZAN_003896.jpg,1
PIZAN_003897.jpg,0
PIZAN_003898.jpg,1
PIZAN_003899.jpg,1
PIZAN_003900.jpg,1
PIZAN_003901.jpg,1
PIZAN_003902.jpg,0
PIZAN_003903.jpg,1
PIZAN_003904.jpg,0
PIZAN_003905.jpg,0
PIZAN_003906.jpg,1
PIZAN_003907.jpg,1
PIZAN_003908.jpg,1
PIZAN_003909.jpg,1
PIZAN_003910.jpg,0
PIZAN_003911.jpg,1
PIZAN_003912.jpg,1
PIZAN_003913.jpg,0
PIZAN_003914.jpg,1
PIZAN_003915.jpg,1
PIZAN_003916.jpg,0
PIZAN_003917.jpg,1
PIZAN_003918.jpg,1
PIZAN_003919.jpg,0
PIZAN_003920.jpg,0
PIZAN_003921.jpg,1
PIZAN_003922.jpg,1
PIZAN_003923.jpg,1
PIZAN_003924.jpg,1
PIZAN_003925.jpg,1
PIZAN_003926.jpg,0
PIZAN_003927.jpg,1
PIZAN_003928.jpg,1
PIZAN_003929.jpg,1
PIZAN_003930.jpg,1
PIZAN_003931.jpg,1
PIZAN_003932.jpg,1
PIZAN_003933.jpg,1
PIZAN_003934.jpg,0
PIZAN_003935.jpg,1
PIZAN_003936.jpg,1
PIZAN_003937.jpg,1
PIZAN_003938.jpg,0
PIZAN_003939.jpg,1
PIZAN_003940.jpg,1
PIZAN_003941.jpg,1
PIZAN_003942.jpg,1
PIZAN_003943.jpg,1
PIZAN_003944.jpg,0
PIZAN_003945.jpg,1
PIZAN_003946.jpg,0
PIZAN_003947.jpg,1
PIZAN_003948.jpg,1
PIZAN_003949.jpg,1
PIZAN_003950.jpg,1
PIZAN_003951.jpg,1
PIZAN_003952.jpg,0
PIZAN_003953.jpg,0
PIZAN_003954.jpg,1
PIZAN_003955.jpg,1
PIZAN_003956.jpg,1
PIZAN_003957.jpg,1
PIZAN_003958.jpg,1
PIZAN_003959.jpg,0
PIZAN_003960.jpg,0
PIZAN_003961.jpg,1
PIZAN_003962.jpg,1
PIZAN_003963.jpg,1
PIZAN_003964.jpg,1
PIZAN_003965.jpg,0
PIZAN_003966.jpg,1
PIZAN_003967.jpg,1
PIZAN_003968.jpg,1
PIZAN_003969.jpg,0
PIZAN_003970.jpg,1
PIZAN_003971.jpg,1
PIZAN_003972.jpg,1
PIZAN_003973.jpg,1
PIZAN_003974.jpg,0
PIZAN_003975.jpg,1
PIZAN_003976.jpg,0
PIZAN_003977.jpg,0
PIZAN_003978.jpg,1
PIZAN_003979.jpg,0
PIZAN_003980.jpg,0
PIZAN_003981.jpg,1
PIZAN_003982.jpg,0
PIZAN_003983.jpg,1
PIZAN_003984.jpg,1
PIZAN_003985.jpg,1
PIZAN_003986.jpg,0
PIZAN_003987.jpg,1
PIZAN_003988.jpg,1
PIZAN_003989.jpg,1
PIZAN_003990.jpg,1
PIZAN_003991.jpg,1
PIZAN_003992.jpg,0
PIZAN_003993.jpg,0
PIZAN_003994.jpg,0
PIZAN_003995.jpg,1
PIZAN_003996.jpg,0
PIZAN_003997.jpg,1
PIZAN_003998.jpg,1
PIZAN_003999.jpg,0
PIZAN_004000.jpg,1
PIZAN_004001.jpg,0
PIZAN_004002.jpg,1
PIZAN_004003.jpg,0
PIZAN_004004.jpg,0
PIZAN_004005.jpg,1
PIZAN_004006.jpg,1
PIZAN_004007.jpg,0
PIZAN_004008.jpg,0
PIZAN_004009.jpg,0
PIZAN_004010.jpg,0
PIZAN_004011.jpg,1
PIZAN_004012.jpg,1
PIZAN_004013.jpg,1
PIZAN_004014.jpg,0
PIZAN_004015.jpg,1
PIZAN_004016.jpg,0
PIZAN_004017.jpg,1
PIZAN_004018.jpg,0
PIZAN_004019.jpg,0
PIZAN_004020.jpg,0
PIZAN_004021.jpg,1
PIZAN_004022.jpg,1
PIZAN_004023.jpg,0
PIZAN_004024.jpg,1
PIZAN_004025.jpg,0
PIZAN_004026.jpg,0
PIZAN_004027.jpg,1
PIZAN_004028.jpg,1
PIZAN_004029.jpg,1
PIZAN_004030.jpg,1
PIZAN_004031.jpg,0
PIZAN_004032.jpg,0
PIZAN_004033.jpg,1
PIZAN_004034.jpg,1
PIZAN_004035.jpg,1
PIZAN_004036.jpg,0
PIZAN_004037.jpg,0
PIZAN_004038.jpg,0
PIZAN_004039.jpg,1
PIZAN_004040.jpg,1
PIZAN_004041.jpg,1
PIZAN_004042.jpg,1
PIZAN_004043.jpg,1
PIZAN_004044.jpg,1
PIZAN_004045.jpg,0
PIZAN_004046.jpg,0
PIZAN_004047.jpg,0
PIZAN_004048.jpg,1
PIZAN_004049.jpg,1
PIZAN_004050.jpg,0
PIZAN_004051.jpg,1
PIZAN_004052.jpg,1
PIZAN_004053.jpg,1
PIZAN_004054.jpg,0
PIZAN_004055.jpg,0
PIZAN_004056.jpg,0
PIZAN_004057.jpg,1
PIZAN_004058.jpg,1
PIZAN_004059.jpg,1
PIZAN_004060.jpg,1
PIZAN_004061.jpg,1
PIZAN_004062.jpg,0
PIZAN_004063.jpg,1
PIZAN_004064.jpg,0
PIZAN_004065.jpg,1
PIZAN_004066.jpg,1
PIZAN_004067.jpg,0
PIZAN_004068.jpg,1
PIZAN_004069.jpg,1
PIZAN_004070.jpg,1
PIZAN_004071.jpg,1
PIZAN_004072.jpg,1
PIZAN_004073.jpg,0
PIZAN_004074.jpg,1
PIZAN_004075.jpg,0
PIZAN_004076.jpg,0
PIZAN_004077.jpg,0
PIZAN_004078.jpg,0
PIZAN_004079.jpg,1
PIZAN_004080.jpg,1
PIZAN_004081.jpg,1
PIZAN_004082.jpg,1
PIZAN_004083.jpg,1
PIZAN_004084.jpg,1
PIZAN_004085.jpg,1
PIZAN_004086.jpg,0
PIZAN_004087.jpg,1
PIZAN_004088.jpg,1
PIZAN_004089.jpg,0
PIZAN_004090.jpg,0
PIZAN_004091.jpg,1
PIZAN_004092.jpg,0
PIZAN_004093.jpg,1
PIZAN_004094.jpg,1
PIZAN_004095.jpg,1
PIZAN_004096.jpg,1
PIZAN_004097.jpg,0
PIZAN_004098.jpg,1
PIZAN_004099.jpg,0
PIZAN_004100.jpg,1
PIZAN_004101.jpg,1
PIZAN_004102.jpg,0
PIZAN_004103.jpg,1
PIZAN_004104.jpg,0
PIZAN_004105.jpg,1
PIZAN_004106.jpg,1
PIZAN_004107.jpg,0
PIZAN_004108.jpg,0
PIZAN_004109.jpg,1
PIZAN_004110.jpg,1
PIZAN_004111.jpg,0
PIZAN_004112.jpg,0
PIZAN_004113.jpg,1
PIZAN_004114.jpg,0
PIZAN_004115.jpg,1
PIZAN_004116.jpg,1
PIZAN_004117.jpg,1
PIZAN_004118.jpg,0
PIZAN_004119.jpg,0
PIZAN_004120.jpg,1
PIZAN_004121.jpg,0
PIZAN_004122.jpg,0
PIZAN_004123.jpg,1
PIZAN_004124.jpg,1
PIZAN_004125.jpg,1
PIZAN_004126.jpg,1
PIZAN_004127.jpg,1
PIZAN_004128.jpg,0
PIZAN_004129.jpg,1
PIZAN_004130.jpg,1
PIZAN_004131.jpg,0
PIZAN_004132.jpg,0
PIZAN_004133.jpg,1
PIZAN_004134.jpg,0
PIZAN_004135.jpg,0
PIZAN_004136.jpg,1
PIZAN_004137.jpg,0
PIZAN_004138.jpg,1
PIZAN_004139.jpg,1
PIZAN_004140.jpg,1
PIZAN_004141.jpg,1
PIZAN_004142.jpg,0
PIZAN_004143.jpg,1
PIZAN_004144.jpg,0
PIZAN_004145.jpg,0
PIZAN_004146.jpg,1
PIZAN_004147.jpg,1
PIZAN_004148.jpg,1
PIZAN_004149.jpg,0
PIZAN_004150.jpg,1
PIZAN_004151.jpg,0
PIZAN_004152.jpg,0
PIZAN_004153.jpg,1
PIZAN_004154.jpg,0
PIZAN_004155.jpg,1
PIZAN_004156.jpg,1
PIZAN_004157.jpg,1
PIZAN_004158.jpg,0
PIZAN_004159.jpg,0
PIZAN_004160.jpg,0
PIZAN_004161.jpg,0
PIZAN_004162.jpg,1
PIZAN_004163.jpg,1
PIZAN_004164.jpg,1
PIZAN_004165.jpg,0
PIZAN_004166.jpg,0
PIZAN_004167.jpg,0
PIZAN_004168.jpg,0
PIZAN_004169.jpg,1
PIZAN_004170.jpg,1
PIZAN_004171.jpg,1
PIZAN_004172.jpg,1
PIZAN_004173.jpg,0
PIZAN_004174.jpg,1
PIZAN_004175.jpg,0
PIZAN_004176.jpg,0
PIZAN_004177.jpg,1
PIZAN_004178.jpg,1
PIZAN_004179.jpg,0
PIZAN_004180.jpg,1
PIZAN_004181.jpg,1
PIZAN_004182.jpg,1
PIZAN_004183.jpg,1
PIZAN_004184.jpg,1
PIZAN_004185.jpg,0
PIZAN_004186.jpg,0
PIZAN_004187.jpg,0
PIZAN_004188.jpg,1
PIZAN_004189.jpg,1
PIZAN_004190.jpg,1
PIZAN_004191.jpg,1
PIZAN_004192.jpg,1
PIZAN_004193.jpg,1
PIZAN_004194.jpg,1
PIZAN_004195.jpg,0
PIZAN_004196.jpg,0
PIZAN_004197.jpg,1
PIZAN_004198.jpg,0
PIZAN_004199.jpg,0
PIZAN_004200.jpg,0
PIZAN_004201.jpg,1
PIZAN_004202.jpg,0
PIZAN_004203.jpg,1
PIZAN_004204.jpg,1
PIZAN_004205.jpg,0
PIZAN_004206.jpg,0
PIZAN_004207.jpg,0
PIZAN_004208.jpg,1
PIZAN_004209.jpg,0
PIZAN_004210.jpg,1
PIZAN_004211.jpg,0
PIZAN_004212.jpg,0
PIZAN_004213.jpg,1
PIZAN_004214.jpg,1
PIZAN_004215.jpg,1
PIZAN_004216.jpg,1
PIZAN_004217.jpg,0
PIZAN_004218.jpg,1
PIZAN_004219.jpg,1
PIZAN_004220.jpg,0
PIZAN_004221.jpg,0
PIZAN_004222.jpg,0
PIZAN_004223.jpg,0
PIZAN_004224.jpg,1
PIZAN_004225.jpg,0
PIZAN_004226.jpg,1
PIZAN_004227.jpg,1
PIZAN_004228.jpg,1
PIZAN_004229.jpg,1
PIZAN_004230.jpg,0
PIZAN_004231.jpg,1
PIZAN_004232.jpg,1
PIZAN_004233.jpg,1
PIZAN_004234.jpg,1
PIZAN_004235.jpg,0
PIZAN_004236.jpg,0
PIZAN_004237.jpg,1
PIZAN_004238.jpg,1
PIZAN_004239.jpg,1
PIZAN_004240.jpg,1
PIZAN_004241.jpg,0
PIZAN_004242.jpg,0
PIZAN_004243.jpg,1
PIZAN_004244.jpg,1
PIZAN_004245.jpg,1
PIZAN_004246.jpg,1
PIZAN_004247.jpg,1
PIZAN_004248.jpg,1
PIZAN_004249.jpg,1
PIZAN_004250.jpg,0
PIZAN_004251.jpg,0
PIZAN_004252.jpg,1
PIZAN_004253.jpg,0
PIZAN_004254.jpg,0
PIZAN_004255.jpg,1
PIZAN_004256.jpg,1
PIZAN_004257.jpg,1
PIZAN_004258.jpg,0
PIZAN_004259.jpg,1
PIZAN_004260.jpg,0
PIZAN_004261.jpg,0
PIZAN_004262.jpg,0
PIZAN_004263.jpg,0
PIZAN_004264.jpg,1
PIZAN_004265.jpg,0
PIZAN_004266.jpg,1
PIZAN_004267.jpg,1
PIZAN_004268.jpg,1
PIZAN_004269.jpg,1
PIZAN_004270.jpg,1
PIZAN_004271.jpg,0
PIZAN_004272.jpg,1
PIZAN_004273.jpg,0
PIZAN_004274.jpg,0
PIZAN_004275.jpg,0
PIZAN_004276.jpg,1
PIZAN_004277.jpg,1
PIZAN_004278.jpg,0
PIZAN_004279.jpg,1
PIZAN_004280.jpg,1
PIZAN_004281.jpg,1
PIZAN_004282.jpg,1
PIZAN_004283.jpg,0
PIZAN_004284.jpg,1
PIZAN_004285.jpg,0
PIZAN_004286.jpg,1
PIZAN_004287.jpg,0
PIZAN_004288.jpg,1
PIZAN_004289.jpg,1
PIZAN_004290.jpg,0
PIZAN_004291.jpg,1
PIZAN_004292.jpg,1
PIZAN_004293.jpg,1
PIZAN_004294.jpg,1
PIZAN_004295.jpg,0
PIZAN_004296.jpg,0
PIZAN_004297.jpg,1
PIZAN_004298.jpg,0
PIZAN_004299.jpg,0
PIZAN_004300.jpg,1
PIZAN_004301.jpg,1
PIZAN_004302.jpg,1
PIZAN_004303.jpg,1
PIZAN_004304.jpg,1
PIZAN_004305.jpg,1
PIZAN_004306.jpg,0
PIZAN_004307.jpg,0
PIZAN_004308.jpg,1
PIZAN_004309.jpg,1
PIZAN_004310.jpg,0
PIZAN_004311.jpg,0
PIZAN_004312.jpg,1
PIZAN_004313.jpg,0
PIZAN_004314.jpg,1
PIZAN_004315.jpg,0
PIZAN_004316.jpg,1
PIZAN_004317.jpg,1
PIZAN_004318.jpg,0
PIZAN_004319.jpg,1
PIZAN_004320.jpg,1
PIZAN_004321.jpg,1
PIZAN_004322.jpg,1
PIZAN_004323.jpg,1
PIZAN_004324.jpg,1
PIZAN_004325.jpg,1
PIZAN_004326.jpg,1
PIZAN_004327.jpg,1
PIZAN_004328.jpg,0
PIZAN_004329.jpg,0
PIZAN_004330.jpg,0
PIZAN_004331.jpg,1
PIZAN_004332.jpg,1
PIZAN_004333.jpg,0
PIZAN_004334.jpg,0
PIZAN_004335.jpg,0
PIZAN_004336.jpg,1
PIZAN_004337.jpg,1
PIZAN_004338.jpg,1
PIZAN_004339.jpg,1
PIZAN_004340.jpg,1
PIZAN_004341.jpg,0
PIZAN_004342.jpg,1
PIZAN_004343.jpg,1
PIZAN_004344.jpg,0
PIZAN_004345.jpg,1
PIZAN_004346.jpg,0
PIZAN_004347.jpg,1
PIZAN_004348.jpg,0
PIZAN_004349.jpg,1
PIZAN_004350.jpg,1
PIZAN_004351.jpg,1
PIZAN_004352.jpg,1
PIZAN_004353.jpg,1
PIZAN_004354.jpg,1
PIZAN_004355.jpg,1
PIZAN_004356.jpg,1
PIZAN_004357.jpg,1
PIZAN_004358.jpg,1
PIZAN_004359.jpg,1
PIZAN_004360.jpg,1
PIZAN_004361.jpg,1
PIZAN_004362.jpg,1
PIZAN_004363.jpg,1
PIZAN_004364.jpg,1
PIZAN_004365.jpg,0
PIZAN_004366.jpg,1
PIZAN_004367.jpg,1
PIZAN_004368.jpg,1
PIZAN_004369.jpg,0
PIZAN_004370.jpg,0
PIZAN_004371.jpg,1
PIZAN_004372.jpg,0
PIZAN_004373.jpg,0
PIZAN_004374.jpg,0
PIZAN_004375.jpg,1
PIZAN_004376.jpg,0
PIZAN_004377.jpg,1
PIZAN_004378.jpg,0
PIZAN_004379.jpg,1
PIZAN_004380.jpg,0
PIZAN_004381.jpg,1
PIZAN_004382.jpg,1
PIZAN_004383.jpg,0
PIZAN_004384.jpg,0
PIZAN_004385.jpg,1
PIZAN_004386.jpg,1
PIZAN_004387.jpg,1
PIZAN_004388.jpg,1
PIZAN_004389.jpg,1
PIZAN_004390.jpg,1
PIZAN_004391.jpg,1
PIZAN_004392.jpg,1
PIZAN_004393.jpg,0
PIZAN_004394.jpg,1
PIZAN_004395.jpg,1
PIZAN_004396.jpg,1
PIZAN_004397.jpg,1
PIZAN_004398.jpg,1
PIZAN_004399.jpg,0
PIZAN_004400.jpg,0
PIZAN_004401.jpg,1
PIZAN_004402.jpg,1
PIZAN_004403.jpg,1
PIZAN_004404.jpg,1
PIZAN_004405.jpg,1
PIZAN_004406.jpg,1
PIZAN_004407.jpg,0
PIZAN_004408.jpg,1
PIZAN_004409.jpg,0
PIZAN_004410.jpg,0
PIZAN_004411.jpg,1
PIZAN_004412.jpg,1
PIZAN_004413.jpg,0
PIZAN_004414.jpg,1
PIZAN_004415.jpg,1
PIZAN_004416.jpg,0
PIZAN_004417.jpg,1
PIZAN_004418.jpg,0
PIZAN_004419.jpg,0
PIZAN_004420.jpg,1
PIZAN_004421.jpg,0
PIZAN_004422.jpg,0
PIZAN_004423.jpg,0
PIZAN_004424.jpg,0
PIZAN_004425.jpg,1
PIZAN_004426.jpg,1
PIZAN_004427.jpg,0
PIZAN_004428.jpg,1
PIZAN_004429.jpg,0
PIZAN_004430.jpg,1
PIZAN_004431.jpg,1
PIZAN_004432.jpg,1
PIZAN_004433.jpg,1
PIZAN_004434.jpg,0
PIZAN_004435.jpg,1
PIZAN_004436.jpg,1
PIZAN_004437.jpg,1
PIZAN_004438.jpg,1
PIZAN_004439.jpg,0
PIZAN_004440.jpg,1
PIZAN_004441.jpg,1
PIZAN_004442.jpg,1
PIZAN_004443.jpg,1
PIZAN_004444.jpg,1
PIZAN_004445.jpg,0
PIZAN_004446.jpg,1
PIZAN_004447.jpg,1
PIZAN_004448.jpg,1
PIZAN_004449.jpg,0
PIZAN_004450.jpg,1
PIZAN_004451.jpg,1
PIZAN_004452.jpg,1
PIZAN_004453.jpg,0
PIZAN_004454.jpg,1
PIZAN_004455.jpg,1
PIZAN_004456.jpg,1
PIZAN_004457.jpg,0
PIZAN_004458.jpg,1
PIZAN_004459.jpg,1
PIZAN_004460.jpg,0
PIZAN_004461.jpg,1
PIZAN_004462.jpg,0
PIZAN_004463.jpg,1
PIZAN_004464.jpg,1
PIZAN_004465.jpg,1
PIZAN_004466.jpg,0
PIZAN_004467.jpg,1
PIZAN_004468.jpg,1
PIZAN_004469.jpg,1
PIZAN_004470.jpg,0
PIZAN_004471.jpg,0
PIZAN_004472.jpg,1
PIZAN_004473.jpg,1
PIZAN_004474.jpg,1
PIZAN_004475.jpg,1
PIZAN_004476.jpg,1
PIZAN_004477.jpg,0
PIZAN_004478.jpg,1
PIZAN_004479.jpg,0
PIZAN_004480.jpg,0
PIZAN_004481.jpg,0
PIZAN_004482.jpg,0
PIZAN_004483.jpg,1
PIZAN_004484.jpg,0
PIZAN_004485.jpg,0
PIZAN_004486.jpg,0
PIZAN_004487.jpg,1
PIZAN_004488.jpg,0
PIZAN_004489.jpg,0
PIZAN_004490.jpg,0
PIZAN_004491.jpg,0
PIZAN_004492.jpg,1
PIZAN_004493.jpg,1
PIZAN_004494.jpg,0
PIZAN_004495.jpg,1
PIZAN_004496.jpg,1
PIZAN_004497.jpg,1
PIZAN_004498.jpg,0
PIZAN_004499.jpg,0
PIZAN_004500.jpg,1
PIZAN_004501.jpg,0
PIZAN_004502.jpg,1
PIZAN_004503.jpg,1
PIZAN_004504.jpg,0
PIZAN_004505.jpg,1
PIZAN_004506.jpg,1
PIZAN_004507.jpg,1
PIZAN_004508.jpg,0
PIZAN_004509.jpg,0
PIZAN_004510.jpg,1
PIZAN_004511.jpg,0
PIZAN_004512.jpg,1
PIZAN_004513.jpg,1
PIZAN_004514.jpg,0
PIZAN_004515.jpg,0
PIZAN_004516.jpg,1
PIZAN_004517.jpg,0
PIZAN_004518.jpg,1
PIZAN_004519.jpg,0
PIZAN_004520.jpg,1
PIZAN_004521.jpg,1
PIZAN_004522.jpg,0
PIZAN_004523.jpg,1
PIZAN_004524.jpg,1
PIZAN_004525.jpg,0
PIZAN_004526.jpg,1
PIZAN_004527.jpg,1
PIZAN_004528.jpg,1
PIZAN_004529.jpg,0
PIZAN_004530.jpg,0
PIZAN_004531.jpg,1
PIZAN_004532.jpg,0
PIZAN_004533.jpg,0
PIZAN_004534.jpg,1
PIZAN_004535.jpg,1
PIZAN_004536.jpg,0
PIZAN_004537.jpg,0
PIZAN_004538.jpg,1
PIZAN_004539.jpg,1
PIZAN_004540.jpg,1
PIZAN_004541.jpg,0
PIZAN_004542.jpg,0
PIZAN_004543.jpg,0
PIZAN_004544.jpg,0
PIZAN_004545.jpg,1
PIZAN_004546.jpg,1
PIZAN_004547.jpg,0
PIZAN_004548.jpg,1
PIZAN_004549.jpg,1
PIZAN_004550.jpg,1
PIZAN_004551.jpg,1
PIZAN_004552.jpg,1
PIZAN_004553.jpg,1
PIZAN_004554.jpg,1
PIZAN_004555.jpg,1
PIZAN_004556.jpg,1
PIZAN_004557.jpg,1
PIZAN_004558.jpg,0
PIZAN_004559.jpg,0
PIZAN_004560.jpg,1
PIZAN_004561.jpg,1
PIZAN_004562.jpg,1
PIZAN_004563.jpg,0
PIZAN_004564.jpg,1
PIZAN_004565.jpg,1
PIZAN_004566.jpg,0
PIZAN_004567.jpg,1
PIZAN_004568.jpg,1
PIZAN_004569.jpg,1
PIZAN_004570.jpg,1
PIZAN_004571.jpg,0
PIZAN_004572.jpg,0
PIZAN_004573.jpg,1
PIZAN_004574.jpg,0
PIZAN_004575.jpg,1
PIZAN_004576.jpg,0
PIZAN_004577.jpg,0
PIZAN_004578.jpg,0
PIZAN_004579.jpg,0
PIZAN_004580.jpg,1
PIZAN_004581.jpg,1
PIZAN_004582.jpg,1
PIZAN_004583.jpg,0
PIZAN_004584.jpg,1
PIZAN_004585.jpg,1
PIZAN_004586.jpg,1
PIZAN_004587.jpg,1
PIZAN_004588.jpg,0
PIZAN_004589.jpg,0
PIZAN_004590.jpg,1
PIZAN_004591.jpg,0
PIZAN_004592.jpg,1
PIZAN_004593.jpg,1
PIZAN_004594.jpg,1
PIZAN_004595.jpg,0
PIZAN_004596.jpg,0
PIZAN_004597.jpg,0
PIZAN_004598.jpg,0
PIZAN_004599.jpg,1
PIZAN_004600.jpg,0
PIZAN_004601.jpg,0
PIZAN_004602.jpg,1
PIZAN_004603.jpg,0
PIZAN_004604.jpg,0
PIZAN_004605.jpg,1
PIZAN_004606.jpg,1
PIZAN_004607.jpg,1
PIZAN_004608.jpg,0
PIZAN_004609.jpg,1
PIZAN_004610.jpg,1
PIZAN_004611.jpg,0
PIZAN_004612.jpg,0
PIZAN_004613.jpg,1
PIZAN_004614.jpg,1
PIZAN_004615.jpg,1
PIZAN_004616.jpg,1
PIZAN_004617.jpg,1
PIZAN_004618.jpg,1
PIZAN_004619.jpg,1
PIZAN_004620.jpg,1
PIZAN_004621.jpg,1
PIZAN_004622.jpg,1
PIZAN_004623.jpg,0
PIZAN_004624.jpg,1
PIZAN_004625.jpg,1
PIZAN_004626.jpg,1
PIZAN_004627.jpg,1
PIZAN_004628.jpg,0
PIZAN_004629.jpg,1
PIZAN_004630.jpg,1
PIZAN_004631.jpg,0
PIZAN_004632.jpg,1
PIZAN_004633.jpg,0
PIZAN_004634.jpg,1
PIZAN_004635.jpg,1
PIZAN_004636.jpg,0
PIZAN_004637.jpg,1
PIZAN_004638.jpg,1
PIZAN_004639.jpg,0
PIZAN_004640.jpg,1
PIZAN_004641.jpg,0
PIZAN_004642.jpg,1
PIZAN_004643.jpg,1
PIZAN_004644.jpg,1
PIZAN_004645.jpg,1
PIZAN_004646.jpg,1
PIZAN_004647.jpg,0
PIZAN_004648.jpg,0
PIZAN_004649.jpg,1
PIZAN_004650.jpg,1
PIZAN_004651.jpg,1
PIZAN_004652.jpg,1
PIZAN_004653.jpg,0
PIZAN_004654.jpg,0
PIZAN_004655.jpg,0
PIZAN_004656.jpg,0
PIZAN_004657.jpg,1
PIZAN_004658.jpg,1
PIZAN_004659.jpg,0
PIZAN_004660.jpg,1
PIZAN_004661.jpg,1
PIZAN_004662.jpg,1
PIZAN_004663.jpg,0
PIZAN_004664.jpg,1
PIZAN_004665.jpg,1
PIZAN_004666.jpg,0
PIZAN_004667.jpg,0
PIZAN_004668.jpg,1
PIZAN_004669.jpg,1
PIZAN_004670.jpg,1
PIZAN_004671.jpg,1
PIZAN_004672.jpg,1
PIZAN_004673.jpg,1
PIZAN_004674.jpg,0
PIZAN_004675.jpg,1
PIZAN_004676.jpg,1
PIZAN_004677.jpg,0
PIZAN_004678.jpg,1
PIZAN_004679.jpg,0
PIZAN_004680.jpg,1
PIZAN_004681.jpg,1
PIZAN_004682.jpg,0
PIZAN_004683.jpg,0
PIZAN_004684.jpg,1
PIZAN_004685.jpg,0
PIZAN_004686.jpg,1
PIZAN_004687.jpg,0
PIZAN_004688.jpg,0
PIZAN_004689.jpg,1
PIZAN_004690.jpg,1
PIZAN_004691.jpg,0
PIZAN_004692.jpg,1
PIZAN_004693.jpg,1
PIZAN_004694.jpg,0
PIZAN_004695.jpg,0
PIZAN_004696.jpg,0
PIZAN_004697.jpg,1
PIZAN_004698.jpg,0
PIZAN_004699.jpg,1
PIZAN_004700.jpg,1
PIZAN_004701.jpg,0
PIZAN_004702.jpg,1
PIZAN_004703.jpg,1
PIZAN_004704.jpg,0
PIZAN_004705.jpg,0
PIZAN_004706.jpg,0
PIZAN_004707.jpg,1
PIZAN_004708.jpg,1
PIZAN_004709.jpg,1
PIZAN_004710.jpg,1
PIZAN_004711.jpg,1
PIZAN_004712.jpg,1
PIZAN_004713.jpg,0
PIZAN_004714.jpg,1
PIZAN_004715.jpg,0
PIZAN_004716.jpg,1
PIZAN_004717.jpg,1
PIZAN_004718.jpg,1
PIZAN_004719.jpg,1
PIZAN_004720.jpg,0
PIZAN_004721.jpg,0
PIZAN_004722.jpg,1
PIZAN_004723.jpg,0
PIZAN_004724.jpg,0
PIZAN_004725.jpg,0
PIZAN_004726.jpg,0
PIZAN_004727.jpg,1
PIZAN_004728.jpg,1
PIZAN_004729.jpg,0
PIZAN_004730.jpg,1
PIZAN_004731.jpg,0
PIZAN_004732.jpg,0
PIZAN_004733.jpg,1
PIZAN_004734.jpg,1
PIZAN_004735.jpg,0
PIZAN_004736.jpg,0
PIZAN_004737.jpg,1
PIZAN_004738.jpg,1
PIZAN_004739.jpg,1
PIZAN_004740.jpg,1
PIZAN_004741.jpg,1
PIZAN_004742.jpg,0
PIZAN_004743.jpg,0
PIZAN_004744.jpg,0
PIZAN_004745.jpg,0
PIZAN_004746.jpg,1
PIZAN_004747.jpg,0
PIZAN_004748.jpg,0
PIZAN_004749.jpg,1
PIZAN_004750.jpg,0
PIZAN_004751.jpg,0
PIZAN_004752.jpg,1
PIZAN_004753.jpg,1
PIZAN_004754.jpg,1
PIZAN_004755.jpg,0
PIZAN_004756.jpg,1
PIZAN_004757.jpg,0
PIZAN_004758.jpg,1
PIZAN_004759.jpg,1
PIZAN_004760.jpg,0
PIZAN_004761.jpg,1
PIZAN_004762.jpg,1
PIZAN_004763.jpg,0
PIZAN_004764.jpg,0
PIZAN_004765.jpg,1
PIZAN_004766.jpg,1
PIZAN_004767.jpg,0
PIZAN_004768.jpg,0
PIZAN_004769.jpg,0
PIZAN_004770.jpg,1
PIZAN_004771.jpg,0
PIZAN_004772.jpg,1
PIZAN_004773.jpg,0
PIZAN_004774.jpg,0
PIZAN_004775.jpg,0
PIZAN_004776.jpg,1
PIZAN_004777.jpg,1
PIZAN_004778.jpg,1
PIZAN_004779.jpg,1
PIZAN_004780.jpg,1
PIZAN_004781.jpg,0
PIZAN_004782.jpg,1
PIZAN_004783.jpg,1
PIZAN_004784.jpg,1
PIZAN_004785.jpg,0
PIZAN_004786.jpg,1
PIZAN_004787.jpg,1
PIZAN_004788.jpg,0
PIZAN_004789.jpg,0
PIZAN_004790.jpg,1
PIZAN_004791.jpg,1
PIZAN_004792.jpg,1
PIZAN_004793.jpg,1
PIZAN_004794.jpg,1
PIZAN_004795.jpg,0
PIZAN_004796.jpg,1
PIZAN_004797.jpg,1
PIZAN_004798.jpg,1
PIZAN_004799.jpg,0
PIZAN_004800.jpg,0
PIZAN_004801.jpg,0
PIZAN_004802.jpg,1
PIZAN_004803.jpg,0
PIZAN_004804.jpg,0
PIZAN_004805.jpg,1
PIZAN_004806.jpg,1
PIZAN_004807.jpg,0
PIZAN_004808.jpg,0
PIZAN_004809.jpg,0
PIZAN_004810.jpg,1
PIZAN_004811.jpg,0
PIZAN_004812.jpg,0
PIZAN_004813.jpg,0
PIZAN_004814.jpg,1
PIZAN_004815.jpg,1
PIZAN_004816.jpg,0
PIZAN_004817.jpg,1
PIZAN_004818.jpg,0
PIZAN_004819.jpg,0
PIZAN_004820.jpg,1
PIZAN_004821.jpg,1
PIZAN_004822.jpg,1
PIZAN_004823.jpg,1
PIZAN_004824.jpg,1
PIZAN_004825.jpg,1
PIZAN_004826.jpg,0
PIZAN_004827.jpg,0
PIZAN_004828.jpg,1
PIZAN_004829.jpg,1
PIZAN_004830.jpg,1
PIZAN_004831.jpg,1
PIZAN_004832.jpg,1
PIZAN_004833.jpg,0
PIZAN_004834.jpg,1
PIZAN_004835.jpg,0
PIZAN_004836.jpg,1
PIZAN_004837.jpg,1
PIZAN_004838.jpg,0
PIZAN_004839.jpg,0
PIZAN_004840.jpg,1
PIZAN_004841.jpg,0
PIZAN_004842.jpg,1
PIZAN_004843.jpg,0
PIZAN_004844.jpg,1
PIZAN_004845.jpg,1
PIZAN_004846.jpg,1
PIZAN_004847.jpg,0
PIZAN_004848.jpg,0
PIZAN_004849.jpg,1
PIZAN_004850.jpg,0
PIZAN_004851.jpg,0
PIZAN_004852.jpg,0
PIZAN_004853.jpg,1
PIZAN_004854.jpg,0
PIZAN_004855.jpg,1
PIZAN_004856.jpg,1
PIZAN_004857.jpg,1
PIZAN_004858.jpg,1
PIZAN_004859.jpg,0
PIZAN_004860.jpg,1
PIZAN_004861.jpg,1
PIZAN_004862.jpg,1
PIZAN_004863.jpg,1
PIZAN_004864.jpg,1
PIZAN_004865.jpg,1
PIZAN_004866.jpg,0
PIZAN_004867.jpg,0
PIZAN_004868.jpg,1
PIZAN_004869.jpg,1
PIZAN_004870.jpg,1
PIZAN_004871.jpg,1
PIZAN_004872.jpg,1
PIZAN_004873.jpg,1
PIZAN_004874.jpg,1
PIZAN_004875.jpg,1
PIZAN_004876.jpg,1
PIZAN_004877.jpg,0
PIZAN_004878.jpg,0
PIZAN_004879.jpg,0
PIZAN_004880.jpg,1
PIZAN_004881.jpg,0
PIZAN_004882.jpg,0
PIZAN_004883.jpg,0
PIZAN_004884.jpg,1
PIZAN_004885.jpg,1
PIZAN_004886.jpg,1
PIZAN_004887.jpg,1
PIZAN_004888.jpg,0
PIZAN_004889.jpg,1
PIZAN_004890.jpg,1
PIZAN_004891.jpg,0
PIZAN_004892.jpg,1
PIZAN_004893.jpg,1
PIZAN_004894.jpg,1
PIZAN_004895.jpg,1
PIZAN_004896.jpg,1
PIZAN_004897.jpg,1
PIZAN_004898.jpg,1
PIZAN_004899.jpg,1
PIZAN_004900.jpg,1
PIZAN_004901.jpg,1
PIZAN_004902.jpg,1
PIZAN_004903.jpg,1
PIZAN_004904.jpg,0
PIZAN_004905.jpg,1
PIZAN_004906.jpg,1
PIZAN_004907.jpg,1
PIZAN_004908.jpg,1
PIZAN_004909.jpg,1
PIZAN_004910.jpg,0
PIZAN_004911.jpg,1
PIZAN_004912.jpg,0
PIZAN_004913.jpg,1
PIZAN_004914.jpg,1
PIZAN_004915.jpg,0
PIZAN_004916.jpg,0
PIZAN_004917.jpg,1
PIZAN_004918.jpg,1
PIZAN_004919.jpg,0
PIZAN_004920.jpg,1
PIZAN_004921.jpg,0
PIZAN_004922.jpg,0
PIZAN_004923.jpg,1
PIZAN_004924.jpg,1
PIZAN_004925.jpg,0
PIZAN_004926.jpg,0
PIZAN_004927.jpg,1
PIZAN_004928.jpg,0
PIZAN_004929.jpg,1
PIZAN_004930.jpg,0
PIZAN_004931.jpg,0
PIZAN_004932.jpg,0
PIZAN_004933.jpg,1
PIZAN_004934.jpg,0
PIZAN_004935.jpg,0
PIZAN_004936.jpg,1
PIZAN_004937.jpg,1
PIZAN_004938.jpg,1
PIZAN_004939.jpg,1
PIZAN_004940.jpg,1
PIZAN_004941.jpg,0
PIZAN_004942.jpg,1
PIZAN_004943.jpg,0
PIZAN_004944.jpg,1
PIZAN_004945.jpg,0
PIZAN_004946.jpg,1
PIZAN_004947.jpg,1
PIZAN_004948.jpg,0
PIZAN_004949.jpg,1
PIZAN_004950.jpg,1
PIZAN_004951.jpg,1
PIZAN_004952.jpg,1
PIZAN_004953.jpg,1
PIZAN_004954.jpg,0
PIZAN_004955.jpg,0
PIZAN_004956.jpg,1
PIZAN_004957.jpg,1
PIZAN_004958.jpg,0
PIZAN_004959.jpg,1
PIZAN_004960.jpg,1
PIZAN_004961.jpg,1
PIZAN_004962.jpg,0
PIZAN_004963.jpg,0
PIZAN_004964.jpg,1
PIZAN_004965.jpg,0
PIZAN_004966.jpg,0
PIZAN_004967.jpg,0
PIZAN_004968.jpg,1
PIZAN_004969.jpg,1
PIZAN_004970.jpg,1
PIZAN_004971.jpg,0
PIZAN_004972.jpg,0
PIZAN_004973.jpg,0
PIZAN_004974.jpg,1
PIZAN_004975.jpg,1
PIZAN_004976.jpg,0
PIZAN_004977.jpg,0
PIZAN_004978.jpg,1
PIZAN_004979.jpg,1
PIZAN_004980.jpg,1
PIZAN_004981.jpg,0
PIZAN_004982.jpg,1
PIZAN_004983.jpg,1
PIZAN_004984.jpg,0
PIZAN_004985.jpg,0
PIZAN_004986.jpg,0
PIZAN_004987.jpg,1
PIZAN_004988.jpg,0
PIZAN_004989.jpg,1
PIZAN_004990.jpg,1
PIZAN_004991.jpg,0
PIZAN_004992.jpg,1
PIZAN_004993.jpg,1
PIZAN_004994.jpg,1
PIZAN_004995.jpg,1
PIZAN_004996.jpg,0
PIZAN_004997.jpg,0
PIZAN_004998.jpg,0
PIZAN_004999.jpg,1
PIZAN_005000.jpg,0
PIZAN_005001.jpg,0
PIZAN_005002.jpg,0
PIZAN_005003.jpg,1
PIZAN_005004.jpg,1
PIZAN_005005.jpg,0
PIZAN_005006.jpg,1
PIZAN_005007.jpg,1
PIZAN_005008.jpg,1
PIZAN_005009.jpg,0
PIZAN_005010.jpg,1
PIZAN_005011.jpg,1
PIZAN_005012.jpg,1
PIZAN_005013.jpg,1
PIZAN_005014.jpg,1
PIZAN_005015.jpg,0
PIZAN_005016.jpg,0
PIZAN_005017.jpg,0
PIZAN_005018.jpg,0
PIZAN_005019.jpg,1
PIZAN_005020.jpg,1
PIZAN_005021.jpg,1
PIZAN_005022.jpg,1
PIZAN_005023.jpg,1
PIZAN_005024.jpg,1
PIZAN_005025.jpg,0
PIZAN_005026.jpg,1
PIZAN_005027.jpg,1
PIZAN_005028.jpg,0
PIZAN_005029.jpg,1
PIZAN_005030.jpg,0
PIZAN_005031.jpg,1
PIZAN_005032.jpg,1
PIZAN_005033.jpg,1
PIZAN_005034.jpg,1
PIZAN_005035.jpg,1
PIZAN_005036.jpg,1
PIZAN_005037.jpg,1
PIZAN_005038.jpg,0
PIZAN_005039.jpg,0
PIZAN_005040.jpg,0
PIZAN_005041.jpg,0
PIZAN_005042.jpg,1
PIZAN_005043.jpg,0
PIZAN_005044.jpg,1
PIZAN_005045.jpg,1
PIZAN_005046.jpg,1
PIZAN_005047.jpg,1
PIZAN_005048.jpg,1
PIZAN_005049.jpg,1
PIZAN_005050.jpg,0
PIZAN_005051.jpg,1
PIZAN_005052.jpg,1
PIZAN_005053.jpg,1
PIZAN_005054.jpg,0
PIZAN_005055.jpg,1
PIZAN_005056.jpg,1
PIZAN_005057.jpg,1
PIZAN_005058.jpg,0
PIZAN_005059.jpg,1
PIZAN_005060.jpg,0
PIZAN_005061.jpg,1
PIZAN_005062.jpg,1
PIZAN_005063.jpg,1
PIZAN_005064.jpg,1
PIZAN_005065.jpg,0
PIZAN_005066.jpg,1
PIZAN_005067.jpg,1
PIZAN_005068.jpg,1
PIZAN_005069.jpg,1
PIZAN_005070.jpg,0
PIZAN_005071.jpg,1
PIZAN_005072.jpg,1
PIZAN_005073.jpg,0
PIZAN_005074.jpg,1
PIZAN_005075.jpg,1
PIZAN_005076.jpg,0
PIZAN_005077.jpg,1
PIZAN_005078.jpg,1
PIZAN_005079.jpg,0
PIZAN_005080.jpg,1
PIZAN_005081.jpg,1
PIZAN_005082.jpg,1
PIZAN_005083.jpg,0
PIZAN_005084.jpg,0
PIZAN_005085.jpg,0
PIZAN_005086.jpg,0
PIZAN_005087.jpg,1
PIZAN_005088.jpg,0
PIZAN_005089.jpg,1
PIZAN_005090.jpg,0
PIZAN_005091.jpg,1
PIZAN_005092.jpg,1
PIZAN_005093.jpg,1
PIZAN_005094.jpg,1
PIZAN_005095.jpg,1
PIZAN_005096.jpg,1
PIZAN_005097.jpg,0
PIZAN_005098.jpg,1
PIZAN_005099.jpg,1
PIZAN_005100.jpg,1
PIZAN_005101.jpg,0
PIZAN_005102.jpg,0
PIZAN_005103.jpg,1
PIZAN_005104.jpg,0
PIZAN_005105.jpg,1
PIZAN_005106.jpg,1
PIZAN_005107.jpg,0
PIZAN_005108.jpg,0
PIZAN_005109.jpg,1
PIZAN_005110.jpg,0
PIZAN_005111.jpg,1
PIZAN_005112.jpg,1
PIZAN_005113.jpg,1
PIZAN_005114.jpg,1
PIZAN_005115.jpg,1
PIZAN_005116.jpg,1
PIZAN_005117.jpg,1
PIZAN_005118.jpg,0
PIZAN_005119.jpg,1
PIZAN_005120.jpg,0
PIZAN_005121.jpg,1
PIZAN_005122.jpg,1
PIZAN_005123.jpg,0
PIZAN_005124.jpg,0
PIZAN_005125.jpg,1
PIZAN_005126.jpg,0
PIZAN_005127.jpg,1
PIZAN_005128.jpg,1
PIZAN_005129.jpg,1
PIZAN_005130.jpg,1
PIZAN_005131.jpg,1
PIZAN_005132.jpg,0
PIZAN_005133.jpg,1
PIZAN_005134.jpg,0
PIZAN_005135.jpg,1
PIZAN_005136.jpg,1
PIZAN_005137.jpg,1
PIZAN_005138.jpg,1
PIZAN_005139.jpg,0
PIZAN_005140.jpg,0
PIZAN_005141.jpg,0
PIZAN_005142.jpg,0
PIZAN_005143.jpg,0
PIZAN_005144.jpg,1
PIZAN_005145.jpg,1
PIZAN_005146.jpg,0
PIZAN_005147.jpg,1
PIZAN_005148.jpg,0
PIZAN_005149.jpg,1
PIZAN_005150.jpg,0
PIZAN_005151.jpg,0
PIZAN_005152.jpg,0
PIZAN_005153.jpg,1
PIZAN_005154.jpg,0
PIZAN_005155.jpg,0
PIZAN_005156.jpg,1
PIZAN_005157.jpg,0
PIZAN_005158.jpg,1
PIZAN_005159.jpg,1
PIZAN_005160.jpg,0
PIZAN_005161.jpg,0
PIZAN_005162.jpg,1
PIZAN_005163.jpg,0
PIZAN_005164.jpg,1
PIZAN_005165.jpg,1
PIZAN_005166.jpg,1
PIZAN_005167.jpg,0
PIZAN_005168.jpg,0
PIZAN_005169.jpg,0
PIZAN_005170.jpg,0
PIZAN_005171.jpg,0
PIZAN_005172.jpg,1
PIZAN_005173.jpg,1
PIZAN_005174.jpg,1
PIZAN_005175.jpg,1
PIZAN_005176.jpg,0
PIZAN_005177.jpg,0
PIZAN_005178.jpg,0
PIZAN_005179.jpg,1
PIZAN_005180.jpg,0
PIZAN_005181.jpg,1
PIZAN_005182.jpg,1
PIZAN_005183.jpg,1
PIZAN_005184.jpg,1
PIZAN_005185.jpg,0
PIZAN_005186.jpg,1
PIZAN_005187.jpg,1
PIZAN_005188.jpg,1
PIZAN_005189.jpg,1
PIZAN_005190.jpg,1
PIZAN_005191.jpg,1
PIZAN_005192.jpg,0
PIZAN_005193.jpg,1
PIZAN_005194.jpg,1
PIZAN_005195.jpg,0
PIZAN_005196.jpg,1
PIZAN_005197.jpg,0
PIZAN_005198.jpg,0
PIZAN_005199.jpg,1
PIZAN_005200.jpg,1
PIZAN_005201.jpg,0
PIZAN_005202.jpg,1
PIZAN_005203.jpg,1
PIZAN_005204.jpg,1
PIZAN_005205.jpg,1
PIZAN_005206.jpg,0
PIZAN_005207.jpg,0
PIZAN_005208.jpg,0
PIZAN_005209.jpg,1
PIZAN_005210.jpg,1
PIZAN_005211.jpg,0
PIZAN_005212.jpg,0
PIZAN_005213.jpg,0
PIZAN_005214.jpg,1
PIZAN_005215.jpg,1
PIZAN_005216.jpg,0
PIZAN_005217.jpg,1
PIZAN_005218.jpg,1
PIZAN_005219.jpg,1
PIZAN_005220.jpg,1
PIZAN_005221.jpg,1
PIZAN_005222.jpg,1
PIZAN_005223.jpg,0
PIZAN_005224.jpg,1
PIZAN_005225.jpg,1
PIZAN_005226.jpg,0
PIZAN_005227.jpg,1
PIZAN_005228.jpg,1
PIZAN_005229.jpg,0
PIZAN_005230.jpg,0
PIZAN_005231.jpg,1
PIZAN_005232.jpg,0
PIZAN_005233.jpg,0
PIZAN_005234.jpg,1
PIZAN_005235.jpg,1
PIZAN_005236.jpg,1
PIZAN_005237.jpg,0
PIZAN_005238.jpg,1
PIZAN_005239.jpg,0
PIZAN_005240.jpg,1
PIZAN_005241.jpg,1
PIZAN_005242.jpg,1
PIZAN_005243.jpg,0
PIZAN_005244.jpg,0
PIZAN_005245.jpg,1
PIZAN_005246.jpg,0
PIZAN_005247.jpg,0
PIZAN_005248.jpg,1
PIZAN_005249.jpg,1
PIZAN_005250.jpg,0
PIZAN_005251.jpg,1
PIZAN_005252.jpg,1
PIZAN_005253.jpg,1
PIZAN_005254.jpg,1
PIZAN_005255.jpg,1
PIZAN_005256.jpg,1
PIZAN_005257.jpg,1
PIZAN_005258.jpg,1
PIZAN_005259.jpg,0
PIZAN_005260.jpg,1
PIZAN_005261.jpg,0
PIZAN_005262.jpg,0
PIZAN_005263.jpg,1
PIZAN_005264.jpg,0
PIZAN_005265.jpg,1
PIZAN_005266.jpg,1
PIZAN_005267.jpg,0
PIZAN_005268.jpg,1
PIZAN_005269.jpg,1
PIZAN_005270.jpg,1
PIZAN_005271.jpg,1
PIZAN_005272.jpg,0
PIZAN_005273.jpg,0
PIZAN_005274.jpg,0
PIZAN_005275.jpg,1
PIZAN_005276.jpg,1
PIZAN_005277.jpg,1
PIZAN_005278.jpg,1
PIZAN_005279.jpg,1
PIZAN_005280.jpg,0
PIZAN_005281.jpg,1
PIZAN_005282.jpg,1
PIZAN_005283.jpg,0
PIZAN_005284.jpg,0
PIZAN_005285.jpg,1
PIZAN_005286.jpg,1
PIZAN_005287.jpg,0
PIZAN_005288.jpg,0
PIZAN_005289.jpg,0
PIZAN_005290.jpg,1
PIZAN_005291.jpg,1
PIZAN_005292.jpg,1
PIZAN_005293.jpg,1
PIZAN_005294.jpg,0
PIZAN_005295.jpg,1
PIZAN_005296.jpg,0
PIZAN_005297.jpg,1
PIZAN_005298.jpg,1
PIZAN_005299.jpg,1
PIZAN_005300.jpg,0
PIZAN_005301.jpg,0
PIZAN_005302.jpg,1
PIZAN_005303.jpg,1
PIZAN_005304.jpg,1
PIZAN_005305.jpg,1
PIZAN_005306.jpg,0
PIZAN_005307.jpg,1
PIZAN_005308.jpg,0
PIZAN_005309.jpg,1
PIZAN_005310.jpg,1
PIZAN_005311.jpg,0
PIZAN_005312.jpg,1
PIZAN_005313.jpg,1
PIZAN_005314.jpg,1
PIZAN_005315.jpg,1
PIZAN_005316.jpg,0
PIZAN_005317.jpg,0
PIZAN_005318.jpg,1
PIZAN_005319.jpg,0
PIZAN_005320.jpg,1
PIZAN_005321.jpg,1
PIZAN_005322.jpg,1
PIZAN_005323.jpg,1
PIZAN_005324.jpg,0
PIZAN_005325.jpg,0
PIZAN_005326.jpg,1
PIZAN_005327.jpg,0
PIZAN_005328.jpg,0
PIZAN_005329.jpg,1
PIZAN_005330.jpg,0
PIZAN_005331.jpg,0
PIZAN_005332.jpg,1
PIZAN_005333.jpg,1
PIZAN_005334.jpg,0
PIZAN_005335.jpg,1
PIZAN_005336.jpg,0
PIZAN_005337.jpg,0
PIZAN_005338.jpg,1
PIZAN_005339.jpg,1
PIZAN_005340.jpg,1
PIZAN_005341.jpg,0
PIZAN_005342.jpg,0
PIZAN_005343.jpg,0
PIZAN_005344.jpg,0
PIZAN_005345.jpg,1
PIZAN_005346.jpg,0
PIZAN_005347.jpg,1
PIZAN_005348.jpg,1
PIZAN_005349.jpg,0
PIZAN_005350.jpg,0
PIZAN_005351.jpg,0
PIZAN_005352.jpg,0
PIZAN_005353.jpg,1
PIZAN_005354.jpg,1
PIZAN_005355.jpg,1
PIZAN_005356.jpg,1
PIZAN_005357.jpg,1
PIZAN_005358.jpg,1
PIZAN_005359.jpg,0
PIZAN_005360.jpg,0
PIZAN_005361.jpg,1
PIZAN_005362.jpg,0
PIZAN_005363.jpg,1
PIZAN_005364.jpg,1
PIZAN_005365.jpg,0
PIZAN_005366.jpg,0
PIZAN_005367.jpg,1
PIZAN_005368.jpg,0
PIZAN_005369.jpg,1
PIZAN_005370.jpg,1
PIZAN_005371.jpg,0
PIZAN_005372.jpg,0
PIZAN_005373.jpg,0
PIZAN_005374.jpg,0
PIZAN_005375.jpg,1
PIZAN_005376.jpg,1
PIZAN_005377.jpg,0
PIZAN_005378.jpg,0
PIZAN_005379.jpg,0
PIZAN_005380.jpg,1
PIZAN_005381.jpg,0
PIZAN_005382.jpg,0
PIZAN_005383.jpg,1
PIZAN_005384.jpg,1
PIZAN_005385.jpg,0
PIZAN_005386.jpg,1
PIZAN_005387.jpg,1
PIZAN_005388.jpg,1
PIZAN_005389.jpg,0
PIZAN_005390.jpg,0
PIZAN_005391.jpg,0
PIZAN_005392.jpg,0
PIZAN_005393.jpg,1
PIZAN_005394.jpg,0
PIZAN_005395.jpg,0
PIZAN_005396.jpg,1
PIZAN_005397.jpg,0
PIZAN_005398.jpg,1
PIZAN_005399.jpg,1
PIZAN_005400.jpg,0
PIZAN_005401.jpg,0
PIZAN_005402.jpg,1
PIZAN_005403.jpg,1
PIZAN_005404.jpg,1
PIZAN_005405.jpg,1
PIZAN_005406.jpg,0
PIZAN_005407.jpg,1
PIZAN_005408.jpg,1
PIZAN_005409.jpg,0
PIZAN_005410.jpg,1
PIZAN_005411.jpg,1
PIZAN_005412.jpg,1
PIZAN_005413.jpg,1
PIZAN_005414.jpg,1
PIZAN_005415.jpg,1
PIZAN_005416.jpg,1
PIZAN_005417.jpg,0
PIZAN_005418.jpg,1
PIZAN_005419.jpg,0
PIZAN_005420.jpg,1
PIZAN_005421.jpg,1
PIZAN_005422.jpg,1
PIZAN_005423.jpg,1
PIZAN_005424.jpg,0
PIZAN_005425.jpg,0
PIZAN_005426.jpg,1
PIZAN_005427.jpg,0
PIZAN_005428.jpg,1
PIZAN_005429.jpg,1
PIZAN_005430.jpg,0
PIZAN_005431.jpg,0
PIZAN_005432.jpg,1
PIZAN_005433.jpg,1
PIZAN_005434.jpg,1
PIZAN_005435.jpg,1
PIZAN_005436.jpg,0
PIZAN_005437.jpg,1
PIZAN_005438.jpg,1
PIZAN_005439.jpg,1
PIZAN_005440.jpg,0
PIZAN_005441.jpg,1
PIZAN_005442.jpg,1
PIZAN_005443.jpg,0
PIZAN_005444.jpg,1
PIZAN_005445.jpg,1
PIZAN_005446.jpg,0
PIZAN_005447.jpg,0
PIZAN_005448.jpg,0
PIZAN_005449.jpg,1
PIZAN_005450.jpg,0
PIZAN_005451.jpg,0
PIZAN_005452.jpg,1
PIZAN_005453.jpg,1
PIZAN_005454.jpg,1
PIZAN_005455.jpg,0
PIZAN_005456.jpg,1
PIZAN_005457.jpg,0
PIZAN_005458.jpg,0
PIZAN_005459.jpg,1
PIZAN_005460.jpg,1
PIZAN_005461.jpg,1
PIZAN_005462.jpg,1
PIZAN_005463.jpg,1
PIZAN_005464.jpg,1
PIZAN_005465.jpg,1
PIZAN_005466.jpg,1
PIZAN_005467.jpg,1
PIZAN_005468.jpg,1
PIZAN_005469.jpg,0
PIZAN_005470.jpg,1
PIZAN_005471.jpg,1
PIZAN_005472.jpg,0
PIZAN_005473.jpg,1
PIZAN_005474.jpg,0
PIZAN_005475.jpg,1
PIZAN_005476.jpg,1
PIZAN_005477.jpg,1
PIZAN_005478.jpg,0
PIZAN_005479.jpg,1
PIZAN_005480.jpg,0
PIZAN_005481.jpg,0
PIZAN_005482.jpg,0
PIZAN_005483.jpg,1
PIZAN_005484.jpg,1
PIZAN_005485.jpg,1
PIZAN_005486.jpg,1
PIZAN_005487.jpg,1
PIZAN_005488.jpg,1
PIZAN_005489.jpg,1
PIZAN_005490.jpg,1
PIZAN_005491.jpg,0
PIZAN_005492.jpg,1
PIZAN_005493.jpg,0
PIZAN_005494.jpg,0
PIZAN_005495.jpg,1
PIZAN_005496.jpg,0
PIZAN_005497.jpg,0
PIZAN_005498.jpg,1
PIZAN_005499.jpg,1
PIZAN_005500.jpg,1
PIZAN_005501.jpg,0
PIZAN_005502.jpg,1
PIZAN_005503.jpg,1
PIZAN_005504.jpg,1
PIZAN_005505.jpg,1
PIZAN_005506.jpg,1
PIZAN_005507.jpg,0
PIZAN_005508.jpg,0
PIZAN_005509.jpg,0
PIZAN_005510.jpg,1
PIZAN_005511.jpg,1
PIZAN_005512.jpg,1
PIZAN_005513.jpg,1
PIZAN_005514.jpg,0
PIZAN_005515.jpg,0
PIZAN_005516.jpg,1
PIZAN_005517.jpg,1
PIZAN_005518.jpg,1
PIZAN_005519.jpg,1
PIZAN_005520.jpg,0
PIZAN_005521.jpg,0
PIZAN_005522.jpg,1
PIZAN_005523.jpg,0
PIZAN_005524.jpg,0
PIZAN_005525.jpg,1
PIZAN_005526.jpg,1
PIZAN_005527.jpg,1
PIZAN_005528.jpg,0
PIZAN_005529.jpg,1
PIZAN_005530.jpg,1
PIZAN_005531.jpg,1
PIZAN_005532.jpg,1
PIZAN_005533.jpg,1
PIZAN_005534.jpg,1
PIZAN_005535.jpg,0
PIZAN_005536.jpg,1
PIZAN_005537.jpg,1
PIZAN_005538.jpg,1
PIZAN_005539.jpg,1
PIZAN_005540.jpg,0
PIZAN_005541.jpg,0
PIZAN_005542.jpg,1
PIZAN_005543.jpg,0
PIZAN_005544.jpg,1
PIZAN_005545.jpg,1
PIZAN_005546.jpg,0
PIZAN_005547.jpg,0
PIZAN_005548.jpg,1
PIZAN_005549.jpg,1
PIZAN_005550.jpg,1
PIZAN_005551.jpg,1
PIZAN_005552.jpg,1
PIZAN_005553.jpg,0
PIZAN_005554.jpg,0
PIZAN_005555.jpg,1
PIZAN_005556.jpg,0
PIZAN_005557.jpg,1
PIZAN_005558.jpg,0
PIZAN_005559.jpg,1
PIZAN_005560.jpg,1
PIZAN_005561.jpg,0
PIZAN_005562.jpg,0
PIZAN_005563.jpg,1
PIZAN_005564.jpg,1
PIZAN_005565.jpg,1
PIZAN_005566.jpg,1
PIZAN_005567.jpg,1
PIZAN_005568.jpg,1
PIZAN_005569.jpg,0
PIZAN_005570.jpg,1
PIZAN_005571.jpg,1
PIZAN_005572.jpg,1
PIZAN_005573.jpg,0
PIZAN_005574.jpg,0
PIZAN_005575.jpg,1
PIZAN_005576.jpg,1
PIZAN_005577.jpg,1
PIZAN_005578.jpg,0
PIZAN_005579.jpg,0
PIZAN_005580.jpg,1
PIZAN_005581.jpg,0
PIZAN_005582.jpg,0
PIZAN_005583.jpg,1
PIZAN_005584.jpg,1
PIZAN_005585.jpg,0
PIZAN_005586.jpg,1
PIZAN_005587.jpg,0
PIZAN_005588.jpg,1
PIZAN_005589.jpg,0
PIZAN_005590.jpg,1
PIZAN_005591.jpg,1
PIZAN_005592.jpg,1
PIZAN_005593.jpg,0
PIZAN_005594.jpg,1
PIZAN_005595.jpg,1
PIZAN_005596.jpg,0
PIZAN_005597.jpg,1
PIZAN_005598.jpg,0
PIZAN_005599.jpg,1
PIZAN_005600.jpg,1
PIZAN_005601.jpg,1
PIZAN_005602.jpg,1
PIZAN_005603.jpg,1
PIZAN_005604.jpg,1
PIZAN_005605.jpg,0
PIZAN_005606.jpg,0
PIZAN_005607.jpg,1
PIZAN_005608.jpg,0
PIZAN_005609.jpg,0
PIZAN_005610.jpg,0
PIZAN_005611.jpg,1
PIZAN_005612.jpg,0
PIZAN_005613.jpg,1
PIZAN_005614.jpg,0
PIZAN_005615.jpg,1
PIZAN_005616.jpg,1
PIZAN_005617.jpg,0
PIZAN_005618.jpg,0
PIZAN_005619.jpg,1
PIZAN_005620.jpg,1
PIZAN_005621.jpg,1
PIZAN_005622.jpg,1
PIZAN_005623.jpg,1
PIZAN_005624.jpg,0
PIZAN_005625.jpg,1
PIZAN_005626.jpg,0
PIZAN_005627.jpg,1
PIZAN_005628.jpg,1
PIZAN_005629.jpg,1
PIZAN_005630.jpg,1
PIZAN_005631.jpg,0
PIZAN_005632.jpg,1
PIZAN_005633.jpg,1
PIZAN_005634.jpg,0
PIZAN_005635.jpg,0
PIZAN_005636.jpg,0
PIZAN_005637.jpg,1
PIZAN_005638.jpg,0
PIZAN_005639.jpg,1
PIZAN_005640.jpg,1
PIZAN_005641.jpg,0
PIZAN_005642.jpg,1
PIZAN_005643.jpg,1
PIZAN_005644.jpg,1
PIZAN_005645.jpg,1
PIZAN_005646.jpg,0
PIZAN_005647.jpg,0
PIZAN_005648.jpg,0
PIZAN_005649.jpg,0
PIZAN_005650.jpg,0
PIZAN_005651.jpg,1
PIZAN_005652.jpg,1
PIZAN_005653.jpg,1
PIZAN_005654.jpg,1
PIZAN_005655.jpg,1
PIZAN_005656.jpg,1
PIZAN_005657.jpg,0
PIZAN_005658.jpg,1
PIZAN_005659.jpg,1
PIZAN_005660.jpg,0
PIZAN_005661.jpg,0
PIZAN_005662.jpg,0
PIZAN_005663.jpg,1
PIZAN_005664.jpg,0
PIZAN_005665.jpg,0
PIZAN_005666.jpg,1
PIZAN_005667.jpg,0
PIZAN_005668.jpg,0
PIZAN_005669.jpg,1
PIZAN_005670.jpg,1
PIZAN_005671.jpg,1
PIZAN_005672.jpg,1
PIZAN_005673.jpg,0
PIZAN_005674.jpg,1
PIZAN_005675.jpg,0
PIZAN_005676.jpg,1
PIZAN_005677.jpg,0
PIZAN_005678.jpg,1
PIZAN_005679.jpg,1
PIZAN_005680.jpg,0
PIZAN_005681.jpg,1
PIZAN_005682.jpg,0
PIZAN_005683.jpg,1
PIZAN_005684.jpg,0
PIZAN_005685.jpg,1
PIZAN_005686.jpg,1
PIZAN_005687.jpg,0
PIZAN_005688.jpg,1
PIZAN_005689.jpg,1
PIZAN_005690.jpg,0
PIZAN_005691.jpg,1
PIZAN_005692.jpg,1
PIZAN_005693.jpg,1
PIZAN_005694.jpg,1
PIZAN_005695.jpg,0
PIZAN_005696.jpg,1
PIZAN_005697.jpg,0
PIZAN_005698.jpg,0
PIZAN_005699.jpg,1
PIZAN_005700.jpg,1
PIZAN_005701.jpg,1
PIZAN_005702.jpg,1
PIZAN_005703.jpg,0
PIZAN_005704.jpg,0
PIZAN_005705.jpg,1
PIZAN_005706.jpg,1
PIZAN_005707.jpg,1
PIZAN_005708.jpg,1
PIZAN_005709.jpg,1
PIZAN_005710.jpg,1
PIZAN_005711.jpg,1
PIZAN_005712.jpg,0
PIZAN_005713.jpg,0
PIZAN_005714.jpg,1
PIZAN_005715.jpg,1
PIZAN_005716.jpg,0
PIZAN_005717.jpg,1
PIZAN_005718.jpg,0
PIZAN_005719.jpg,1
PIZAN_005720.jpg,1
PIZAN_005721.jpg,0
PIZAN_005722.jpg,0
PIZAN_005723.jpg,1
PIZAN_005724.jpg,0
PIZAN_005725.jpg,1
PIZAN_005726.jpg,1
PIZAN_005727.jpg,1
PIZAN_005728.jpg,0
PIZAN_005729.jpg,1
PIZAN_005730.jpg,0
PIZAN_005731.jpg,1
PIZAN_005732.jpg,1
PIZAN_005733.jpg,1
PIZAN_005734.jpg,1
PIZAN_005735.jpg,0
PIZAN_005736.jpg,1
PIZAN_005737.jpg,1
PIZAN_005738.jpg,1
PIZAN_005739.jpg,1
PIZAN_005740.jpg,0
PIZAN_005741.jpg,1
PIZAN_005742.jpg,0
PIZAN_005743.jpg,0
PIZAN_005744.jpg,1
PIZAN_005745.jpg,1
PIZAN_005746.jpg,1
PIZAN_005747.jpg,1
PIZAN_005748.jpg,0
PIZAN_005749.jpg,1
PIZAN_005750.jpg,1
PIZAN_005751.jpg,0
PIZAN_005752.jpg,1
PIZAN_005753.jpg,1
PIZAN_005754.jpg,1
PIZAN_005755.jpg,0
PIZAN_005756.jpg,1
PIZAN_005757.jpg,1
PIZAN_005758.jpg,1
PIZAN_005759.jpg,0
PIZAN_005760.jpg,1
PIZAN_005761.jpg,1
PIZAN_005762.jpg,1
PIZAN_005763.jpg,0
PIZAN_005764.jpg,0
PIZAN_005765.jpg,1
PIZAN_005766.jpg,0
PIZAN_005767.jpg,1
PIZAN_005768.jpg,0
PIZAN_005769.jpg,0
PIZAN_005770.jpg,1
PIZAN_005771.jpg,1
PIZAN_005772.jpg,1
PIZAN_005773.jpg,1
PIZAN_005774.jpg,1
PIZAN_005775.jpg,0
PIZAN_005776.jpg,1
PIZAN_005777.jpg,1
PIZAN_005778.jpg,1
PIZAN_005779.jpg,1
PIZAN_005780.jpg,1
PIZAN_005781.jpg,1
PIZAN_005782.jpg,1
PIZAN_005783.jpg,1
PIZAN_005784.jpg,0
PIZAN_005785.jpg,1
PIZAN_005786.jpg,0
PIZAN_005787.jpg,1
PIZAN_005788.jpg,1
PIZAN_005789.jpg,1
PIZAN_005790.jpg,1
PIZAN_005791.jpg,1
PIZAN_005792.jpg,0
PIZAN_005793.jpg,1
PIZAN_005794.jpg,1
PIZAN_005795.jpg,1
PIZAN_005796.jpg,1
PIZAN_005797.jpg,1
PIZAN_005798.jpg,0
PIZAN_005799.jpg,1
PIZAN_005800.jpg,1
PIZAN_005801.jpg,0
PIZAN_005802.jpg,1
PIZAN_005803.jpg,1
PIZAN_005804.jpg,0
PIZAN_005805.jpg,1
PIZAN_005806.jpg,1
PIZAN_005807.jpg,0
PIZAN_005808.jpg,1
PIZAN_005809.jpg,1
PIZAN_005810.jpg,1
PIZAN_005811.jpg,1
PIZAN_005812.jpg,1
PIZAN_005813.jpg,0
PIZAN_005814.jpg,0
PIZAN_005815.jpg,1
PIZAN_005816.jpg,1
PIZAN_005817.jpg,1
PIZAN_005818.jpg,0
PIZAN_005819.jpg,0
PIZAN_005820.jpg,1
PIZAN_005821.jpg,0
PIZAN_005822.jpg,1
PIZAN_005823.jpg,1
PIZAN_005824.jpg,1
PIZAN_005825.jpg,0
PIZAN_005826.jpg,1
PIZAN_005827.jpg,0
PIZAN_005828.jpg,0
PIZAN_005829.jpg,1
PIZAN_005830.jpg,1
PIZAN_005831.jpg,1
PIZAN_005832.jpg,1
PIZAN_005833.jpg,0
PIZAN_005834.jpg,0
PIZAN_005835.jpg,1
PIZAN_005836.jpg,1
PIZAN_005837.jpg,1
PIZAN_005838.jpg,0
PIZAN_005839.jpg,1
PIZAN_005840.jpg,0
PIZAN_005841.jpg,1
PIZAN_005842.jpg,0
PIZAN_005843.jpg,0
PIZAN_005844.jpg,0
PIZAN_005845.jpg,0
PIZAN_005846.jpg,0
PIZAN_005847.jpg,0
PIZAN_005848.jpg,1
PIZAN_005849.jpg,1
PIZAN_005850.jpg,0
PIZAN_005851.jpg,1
PIZAN_005852.jpg,0
PIZAN_005853.jpg,0
PIZAN_005854.jpg,1
PIZAN_005855.jpg,1
PIZAN_005856.jpg,0
PIZAN_005857.jpg,1
PIZAN_005858.jpg,0
PIZAN_005859.jpg,0
PIZAN_005860.jpg,1
PIZAN_005861.jpg,0
PIZAN_005862.jpg,0
PIZAN_005863.jpg,1
PIZAN_005864.jpg,1
PIZAN_005865.jpg,1
PIZAN_005866.jpg,0
PIZAN_005867.jpg,0
PIZAN_005868.jpg,1
PIZAN_005869.jpg,0
PIZAN_005870.jpg,1
PIZAN_005871.jpg,1
PIZAN_005872.jpg,0
PIZAN_005873.jpg,1
PIZAN_005874.jpg,1
PIZAN_005875.jpg,0
PIZAN_005876.jpg,1
PIZAN_005877.jpg,0
PIZAN_005878.jpg,0
PIZAN_005879.jpg,0
PIZAN_005880.jpg,0
PIZAN_005881.jpg,1
PIZAN_005882.jpg,0
PIZAN_005883.jpg,1
PIZAN_005884.jpg,1
PIZAN_005885.jpg,1
PIZAN_005886.jpg,0
PIZAN_005887.jpg,0
PIZAN_005888.jpg,1
PIZAN_005889.jpg,1
PIZAN_005890.jpg,0
PIZAN_005891.jpg,1
PIZAN_005892.jpg,1
PIZAN_005893.jpg,0
PIZAN_005894.jpg,0
PIZAN_005895.jpg,1
PIZAN_005896.jpg,1
PIZAN_005897.jpg,1
PIZAN_005898.jpg,1
PIZAN_005899.jpg,1
PIZAN_005900.jpg,0
PIZAN_005901.jpg,1
PIZAN_005902.jpg,1
PIZAN_005903.jpg,0
PIZAN_005904.jpg,0
PIZAN_005905.jpg,1
PIZAN_005906.jpg,1
PIZAN_005907.jpg,1
PIZAN_005908.jpg,1
PIZAN_005909.jpg,0
PIZAN_005910.jpg,0
PIZAN_005911.jpg,0
PIZAN_005912.jpg,0
PIZAN_005913.jpg,0
PIZAN_005914.jpg,0
PIZAN_005915.jpg,0
PIZAN_005916.jpg,1
PIZAN_005917.jpg,1
PIZAN_005918.jpg,1
PIZAN_005919.jpg,1
PIZAN_005920.jpg,1
PIZAN_005921.jpg,0
PIZAN_005922.jpg,0
PIZAN_005923.jpg,0
PIZAN_005924.jpg,1
PIZAN_005925.jpg,1
PIZAN_005926.jpg,0
PIZAN_005927.jpg,1
PIZAN_005928.jpg,0
PIZAN_005929.jpg,1
PIZAN_005930.jpg,0
PIZAN_005931.jpg,1
PIZAN_005932.jpg,1
PIZAN_005933.jpg,1
PIZAN_005934.jpg,0
PIZAN_005935.jpg,0
PIZAN_005936.jpg,0
PIZAN_005937.jpg,1
PIZAN_005938.jpg,0
PIZAN_005939.jpg,0
PIZAN_005940.jpg,0
PIZAN_005941.jpg,1
PIZAN_005942.jpg,1
PIZAN_005943.jpg,1
PIZAN_005944.jpg,1
PIZAN_005945.jpg,1
PIZAN_005946.jpg,1
PIZAN_005947.jpg,1
PIZAN_005948.jpg,1
PIZAN_005949.jpg,0
PIZAN_005950.jpg,1
PIZAN_005951.jpg,1
PIZAN_005952.jpg,0
PIZAN_005953.jpg,0
PIZAN_005954.jpg,1
PIZAN_005955.jpg,0
PIZAN_005956.jpg,1
PIZAN_005957.jpg,1
PIZAN_005958.jpg,0
PIZAN_005959.jpg,0
PIZAN_005960.jpg,0
PIZAN_005961.jpg,0
PIZAN_005962.jpg,1
PIZAN_005963.jpg,1
PIZAN_005964.jpg,1
PIZAN_005965.jpg,0
PIZAN_005966.jpg,1
PIZAN_005967.jpg,1
PIZAN_005968.jpg,1
PIZAN_005969.jpg,0
PIZAN_005970.jpg,0
PIZAN_005971.jpg,0
PIZAN_005972.jpg,1
PIZAN_005973.jpg,1
PIZAN_005974.jpg,1
PIZAN_005975.jpg,0
PIZAN_005976.jpg,0
PIZAN_005977.jpg,0
PIZAN_005978.jpg,1
PIZAN_005979.jpg,1
PIZAN_005980.jpg,0
PIZAN_005981.jpg,1
PIZAN_005982.jpg,0
PIZAN_005983.jpg,0
PIZAN_005984.jpg,0
PIZAN_005985.jpg,0
PIZAN_005986.jpg,0
PIZAN_005987.jpg,0
PIZAN_005988.jpg,1
PIZAN_005989.jpg,1
PIZAN_005990.jpg,0
PIZAN_005991.jpg,0
PIZAN_005992.jpg,0
PIZAN_005993.jpg,0
PIZAN_005994.jpg,1
PIZAN_005995.jpg,0
PIZAN_005996.jpg,1
PIZAN_005997.jpg,0
PIZAN_005998.jpg,0
PIZAN_005999.jpg,1
PIZAN_006000.jpg,0
PIZAN_006001.jpg,1
PIZAN_006002.jpg,0
PIZAN_006003.jpg,1
